pred_peak_low,pred_peak_high,real_peak_low,real_peak_high
3.0,6.0,3.0000000000000004,7.000000000000001
3.0,7.5,3.0000000000000004,8.4
3.0,9.0,3.2,10.4
6.0,12.0,6.000000000000001,14.0
6.0,15.0,6.000000000000001,16.8
6.0,18.0,6.2,19.400000000000002
9.0,18.0,9.0,20.6
9.0,22.5,9.0,23.8
9.0,27.0,9.2,23.8
