pred_peak_low,pred_peak_high,real_peak_low,real_peak_high
3.0,6.0,2.6000000000000005,6.000000000000001
3.0,7.5,3.0000000000000004,7.4
3.0,9.0,3.2,8.0
6.0,12.0,5.2,11.8
6.0,15.0,6.2,13.8
6.0,18.0,6.2,15.4
9.0,18.0,7.6000000000000005,17.0
9.0,22.5,9.2,19.2
9.0,27.0,9.0,21.400000000000002
